{"cameraMode":{"drawMode":0,"name":"Shaded","section":"Shading Mode"},"sceneLighting":true,"audioPlay":false,"sceneViewState":{"m_AlwaysRefresh":false,"showFog":true,"showSkybox":true,"showFlares":true,"showImageEffects":true,"showParticleSystems":true,"showVisualEffectGraphs":true,"m_FxEnabled":true},"in2DMode":false,"pivot":{"x":-520.174560546875,"y":36.654056549072269,"z":-23.667606353759767},"rotation":{"x":0.05731348693370819,"y":-0.9409846067428589,"z":0.26835358142852785,"w":0.20111745595932008},"size":129.31089782714845,"orthographic":false}