{"cameraMode":{"drawMode":1,"name":"Wireframe","section":"Shading Mode"},"sceneLighting":true,"audioPlay":false,"sceneViewState":{"m_AlwaysRefresh":false,"showFog":true,"showSkybox":true,"showFlares":true,"showImageEffects":true,"showParticleSystems":true,"showVisualEffectGraphs":true,"m_FxEnabled":true},"in2DMode":false,"pivot":{"x":3.8447699546813967,"y":-44.81306457519531,"z":-1037.4505615234375},"rotation":{"x":0.38229086995124819,"y":0.27211686968803408,"z":-0.11888512969017029,"w":0.8750285506248474},"size":75.19669342041016,"orthographic":true}