{"cameraMode":{"drawMode":0,"name":"Shaded","section":"Shading Mode"},"sceneLighting":true,"audioPlay":false,"sceneViewState":{"m_AlwaysRefresh":false,"showFog":true,"showSkybox":true,"showFlares":true,"showImageEffects":true,"showParticleSystems":true,"showVisualEffectGraphs":true,"m_FxEnabled":true},"in2DMode":false,"pivot":{"x":-20.859790802001954,"y":-24.258697509765626,"z":-1022.6577758789063},"rotation":{"x":0.31736698746681216,"y":0.601984441280365,"z":-0.28259235620498659,"w":0.6760627627372742},"size":60.488162994384769,"orthographic":true}