{"cameraMode":{"drawMode":0,"name":"Shaded","section":"Shading Mode"},"sceneLighting":true,"audioPlay":false,"sceneViewState":{"m_AlwaysRefresh":false,"showFog":true,"showSkybox":true,"showFlares":true,"showImageEffects":true,"showParticleSystems":true,"showVisualEffectGraphs":true,"m_FxEnabled":true},"in2DMode":false,"pivot":{"x":-0.23613739013671876,"y":-45.929813385009769,"z":-1028.0230712890625},"rotation":{"x":0.188482865691185,"y":-0.49314942955970766,"z":0.11038263887166977,"w":0.8420884609222412},"size":45.17941665649414,"orthographic":true}