{"cameraMode":{"drawMode":0,"name":"Shaded","section":"Shading Mode"},"sceneLighting":true,"audioPlay":false,"sceneViewState":{"m_AlwaysRefresh":false,"showFog":true,"showSkybox":true,"showFlares":true,"showImageEffects":true,"showParticleSystems":true,"showVisualEffectGraphs":true,"m_FxEnabled":true},"in2DMode":false,"pivot":{"x":-38.313209533691409,"y":-61.80093002319336,"z":-1042.0252685546875},"rotation":{"x":-0.016058500856161119,"y":0.966640055179596,"z":-0.061816129833459857,"w":-0.24849849939346314},"size":94.38693237304688,"orthographic":false}