{"cameraMode":{"drawMode":0,"name":"Shaded","section":"Shading Mode"},"sceneLighting":true,"audioPlay":false,"sceneViewState":{"m_AlwaysRefresh":false,"showFog":true,"showSkybox":true,"showFlares":true,"showImageEffects":true,"showParticleSystems":true,"showVisualEffectGraphs":true,"m_FxEnabled":true},"in2DMode":false,"pivot":{"x":-262.98162841796877,"y":351.0289001464844,"z":233.94468688964845},"rotation":{"x":0.188482865691185,"y":-0.49314942955970766,"z":0.11038263887166977,"w":0.8420884609222412},"size":59.493709564208987,"orthographic":true}