{"cameraMode":{"drawMode":0,"name":"Shaded","section":"Shading Mode"},"sceneLighting":true,"audioPlay":false,"sceneViewState":{"m_AlwaysRefresh":false,"showFog":true,"showSkybox":true,"showFlares":true,"showImageEffects":true,"showParticleSystems":true,"showVisualEffectGraphs":true,"m_FxEnabled":true},"in2DMode":false,"pivot":{"x":-11.599540710449219,"y":-38.458229064941409,"z":-980.5910034179688},"rotation":{"x":0.06995116919279099,"y":0.6188976764678955,"z":-0.055476389825344089,"w":0.7803841233253479},"size":114.31631469726563,"orthographic":true}