{"cameraMode":{"drawMode":0,"name":"Shaded","section":"Shading Mode"},"sceneLighting":true,"audioPlay":false,"sceneViewState":{"m_AlwaysRefresh":false,"showFog":true,"showSkybox":true,"showFlares":true,"showImageEffects":true,"showParticleSystems":true,"showVisualEffectGraphs":true,"m_FxEnabled":true},"in2DMode":false,"pivot":{"x":-65.58999633789063,"y":-43.810001373291019,"z":-1043.47998046875},"rotation":{"x":0.016550423577427865,"y":0.9825765490531921,"z":-0.15662889182567597,"w":0.10210087150335312},"size":1.7523159980773926,"orthographic":false}