{"cameraMode":{"drawMode":0,"name":"Shaded","section":"Shading Mode"},"sceneLighting":false,"audioPlay":false,"sceneViewState":{"m_AlwaysRefresh":false,"showFog":true,"showSkybox":true,"showFlares":true,"showImageEffects":true,"showParticleSystems":true,"showVisualEffectGraphs":true,"m_FxEnabled":true},"in2DMode":false,"pivot":{"x":-15.269636154174805,"y":-58.782745361328128,"z":-1152.398193359375},"rotation":{"x":-0.0018230794230476022,"y":0.7148304581642151,"z":0.0015661311335861683,"w":0.7001675963401794},"size":6.002523899078369,"orthographic":false}